Username,C_First_Name,C_Last_Name,Password,Email,Phone_Number
jbg12,James,Butt,Buttpass,jbutt@gmail.com,504-621-8927
jdd23,Josephine,Darakjy,Darakpass,josephine_darakjy@darakjy.org,810-292-9388
avv34,Art,Venere,Venerepass,art@venere.org,856-636-8749
lph45,Lenna,Paprocki,Paprockpass,lpaprocki@hotmail.com,907-385-4412
dfc56,Donette,Foller,Follerpass,donette.foller@cox.net,513-570-1893
smm67,Simona,Morasca,Morascapass,simona@morasca.com,419-503-2484
mty78,Mitsue,Tollner,tollnerpass,mitsue_tollner@yahoo.com,773-573-6914
ldh89,Leota,Dilliard,diliardpass,leota@hotmail.com,408-752-3500
swc90,Sage,Wieser,wieserpass,sage_wieser@cox.net,605-414-2147
kmg12,Kris,Marrier,marrierpass,kris@gmail.com,410-655-8723
mag23,Minna,Amigon,amigonpass,minna_amigon@yahoo.com,215-874-1229
amg34,Abel,Maclead,macleadpass,amaclead@gmail.com,631-335-3414
kca45,Kiley,Caldarera,caldarerpass,kiley.caldarera@aol.com,310-498-5651
grc56,Graciela,Ruta,rutapass,gruta@cox.net,440-780-8425
cag67,Cammy,Albares,albarpass,calbares@gmail.com,956-537-6195
mpa78,Mattie,Poquette,poquepass,mattie@aol.com,602-277-4385
mgh89,Meaghan,Garufi,garufpass,meaghan@hotmail.com,931-313-9635
grr90,Gladys,Rim,rimpass,gladys.rim@rim.org,414-661-9598
ywa12,Yuki,Whobrey,whopass,yuki_whobrey@aol.com,313-288-7937
ffy43,Fletcher,Flosi,flospass,fletcher.flosi@yahoo.com,815-828-2147